<?xml version="1.0" encoding="UTF-8" standalone="yes"?>
<addon id="plugin.video.miamigrice" version="1.0.0" name="[COLORcyan]M[/COLOR][COLORfuchsia]I[/COLOR][COLORcyan]A[/COLOR][COLORfuchsia]M[/COLOR][COLORcyan]I[/COLOR] [COLORfuchsia]G[/COLOR][COLORcyan]R[/COLOR][COLORfuchsia]I[/COLOR][COLORcyan]C[/COLOR][COLORfuchsia]E[/COLOR]" provider-name="GA">
   <requires>
        <import addon="xbmc.python" version="2.19.0" />
        <import addon="script.module.miamigrice" />
        <import addon="script.miamigrice.artwork" />
        <import addon="script.miamigrice.metadata" />
        <import addon="script.module.resolveurl" />
        <import addon="script.module.requests" />
        <import addon="script.module.metahandler" />
        <import addon="plugin.video.youtube" />
		<import addon="script.module.openscrapers"/>
    </requires>
    <extension point="xbmc.python.pluginsource" library="miamigrice.py">
        <provides>video</provides>
    </extension>
    <extension point="xbmc.service" library="service.py" start="startup" />
    <extension point="xbmc.addon.metadata">
        <summary lang="en">[COLORcyan]M[/COLOR][COLORfuchsia]I[/COLOR][COLORcyan]A[/COLOR][COLORfuchsia]M[/COLOR][COLORcyan]I[/COLOR] [COLORfuchsia]G[/COLOR][COLORcyan]R[/COLOR][COLORfuchsia]I[/COLOR][COLORcyan]C[/COLOR][COLORfuchsia]E[/COLOR] is a free portal for Kodi Stuff.</summary>
        <description lang="en">This addon does not form part of the Kodi Media Centre. Please do not seek assistance with this addon from any of the Official Kodi Support Channels.The author does not host any of the content in this addon and takes no responsibility for content found.
		This is a fork of the 13clowns addon but with parts removed and fixed so credits must go to the 13clowns addon dev.</description>
        <disclaimer lang="en">The author is not responsible for the use of this addon. The author is not responsible for the content found using this addon. The author does not host or own any content found within this addon. The author is in no way affiliated with Kodi, Team Kodi, or the XBMC Foundation. This is a Non-profit resource, organized solely for educational purposes which is protected under the Fair-Use doctrine of the Copyright Act, Specifically section 107, which does promote freedom of expression, by permitting the unlicensed use of copyright-protected works</disclaimer>
    <platform>all</platform>
    <license>GNU GENERAL PUBLIC LICENSE. Version 3, 29 June 2007</license>
    <assets>
        <icon>icon.gif</icon>
        <fanart>fanart.jpg</fanart>
    </assets>
    <news></news>
    </extension>
</addon>