<addon id="plugin.video.dg" name="[COLOR ghostwhite]DG[/COLOR]" provider-name="Grizzard" version="1.0.9">
	<requires>
		<import addon="xbmc.python" version="3.0.0" />
		<import addon="context.dg" />
		<import addon="script.module.myaccounts" />
		<import addon="script.module.fenomscrapers" version="1.5.9" />
		<import addon="script.module.requests" />
		<import addon="script.module.beautifulsoup4" />
		<import addon="script.module.metahandler" optional="true" />
		<import addon="plugin.video.youtube" optional="true" />
	</requires>
	<extension library="dg.py" point="xbmc.python.pluginsource">
		<provides>video</provides>
	</extension>
	<extension library="service.py" point="xbmc.service" start="startup" />
	<extension library="resources/lib/" point="xbmc.python.module" />
	<extension point="xbmc.addon.metadata">
		<reuselanguageinvoker>true</reuselanguageinvoker>
		<summary lang="en">[B][COLOR ghostwhite]DG[/COLOR][/B] - We do not host any of the contents streamed</summary>
		<description lang="en">[B][COLOR ghostwhite]DG[/COLOR][/B][CR] This addon does not form part of the Kodi Media Centre. Please do not seek assistance with this addon from any of the Official Kodi Support Channels.[CR]The author does not host any of the content in this addon and takes no responsibility for content found</description>
		<platform>all</platform>
		<license>GNU GENERAL PUBLIC LICENSE. Version 3, 29 June 2007</license>
		<forum />
		<disclaimer lang="en">The author of this addon does not host any of the content which is found and have no affiliation with any of the content providers. This addon simply searches websites for content. Use at your own risk!</disclaimer>
		<assets>
			<icon>icon.gif</icon>
			<fanart>fanart.jpg</fanart>
			<screenshot>resources/screenshots/screenshot001.jpg</screenshot>
			<screenshot>resources/screenshots/screenshot002.jpg</screenshot>
			<screenshot>resources/screenshots/screenshot003.jpg</screenshot>
		</assets>
		<news>
[B][COLOR red]Update - v6.3.4 - Nov. 09, 2021[/COLOR][/B]
[COLOR yellow]--[/COLOR][I] Fix airtime "Daylight Savings Time" issue with [B]My TV Shows-Upcoming Progress, Upcoming Episodes,[/B] and [B]Season Premieres[/B].[/I]
[COLOR yellow]--[/COLOR][I] Added setting to sort uncached torrents by seeder count, see [B]Source Options[/B] under heading [B]Sources Select[/B].  Results are still sorted by quality as primary but this new setting will change the secondary sort to seeders vs. file size.[/I]
[COLOR yellow]--[/COLOR][I] Changed "Discover Movies" - [B]Upcoming (IMDb)[/B] to [B]Coming Soon (IMDb)[/B] to match the IMDb url and previous changelog notation of it's addition.[/I]
[COLOR yellow]--[/COLOR][I] Fixed issue where sync process with MA would disable AD, PM, or RD if account changes took place.  This caused any new auth to have the debrid provider remaining disabled and user would not notice and the scrape process would then fail.  This has been changed to always remain enabled, unless user disables it.  The debrid service will not function unless both a token and service is enabled so leaving in an always enabled state is preferred.[/I]
		</news>
	</extension>
</addon>