<?xml version="1.0" encoding="UTF-8" standalone="yes"?>
 <addon id="repository.griceadvicekodi" name="Grice Advice Kodi Repo" version="1.0.10" provider-name="Grice Advice">
    <requires>
        <import addon="xbmc.addon" version="12.0.0"/>
    </requires>
	 <extension point="xbmc.addon.repository" name="Grice Advice Kodi Repo">
            <dir>
            <info compressed="false">https://deangrice07.github.io/dg.github.io//Repository/zips/addons.xml</info>
            <checksum>https://deangrice07.github.io/dg.github.io/Repository/zips/addons.xml.md5</checksum>
            <datadir zip="true">https://deangrice07.github.io/dg.github.io/Repository/zips/</datadir>
            </dir>
            <dir>
            <info compressed="false">https://raw.githubusercontent.com/jsergio123/zips/master/addons.xml</info>
            <checksum>https://raw.githubusercontent.com/jsergio123/zips/master/addons.xml.md5</checksum>
            <datadir zip="true">https://raw.githubusercontent.com/jsergio123/zips/master/</datadir>
            </dir>
            <dir>
            <info compressed="false">https://raw.githubusercontent.com/a4k-openproject/repository.openscrapers/master/zips/addons.xml</info>
            <checksum>https://raw.githubusercontent.com/a4k-openproject/repository.openscrapers/master/zips/addons.xml.md5</checksum>
            <datadir zip="true">https://raw.githubusercontent.com/a4k-openproject/repository.openscrapers/master/zips/</datadir>
            </dir>
           </extension>
        <extension point="xbmc.addon.metadata">
            <summary>Install all of the latest Grice Advice Kodi Content</summary>
            <description>Download and Install Addons From Grice Advice</description>
            <platform>all</platform>
            <assets>
            <icon>icon.gif</icon>
            </assets>
        </extension>
</addon>