<?xml version="1.0" encoding="UTF-8" standalone="yes"?>
<addon id="plugin.video.dg" name="[COLOR ghostwhite][B]DG[/B][/COLOR]" provider-name="DG" version="1.0.9">
	<requires>
		<import addon="xbmc.python" version="2.19.0" />
		<import addon="script.module.openscrapers" />
		<import addon="script.module.liptonscrapers" optional="true" />
		<import addon="script.module.resolveurl" />
		<import addon="script.module.requests" />
		<import addon="script.module.metahandler" />
        	<import addon="plugin.video.youtube"/>
	</requires>
    <extension library="main.py" point="xbmc.python.pluginsource">
        <provides>video</provides>
    </extension>
    <extension library="service.py" point="xbmc.service" start="[startup|login]" />
    <extension point="xbmc.addon.metadata">
        <summary lang="en">Movies and TV Shows</summary>
        <description lang="en">[B]DG[/B][CR] [B]***OpenScrapers Edition***[/B][CR][CR]This addon does not form part of the Kodi Media Centre. Please do not seek assistance with this addon from any of the Official Kodi Support Channels.[CR][CR]The author does not host any of the content in this addon and takes no responsibility for content found.</description>
        <disclaimer lang="en">The author is not responsible for the content found using this addon. The author does not host or own any content found within this addon.[CR]The author is in no way affiliated with Kodi, Team Kodi, or the XBMC Foundation. </disclaimer>
        <license>GNU</license>
        <platform>all</platform>
        <assets>
            <icon>icon.gif</icon>
            <fanart>fanart.jpg</fanart>
            <screenshot>resources/screenshots/screenshot01a.png</screenshot>
	    <screenshot>resources/screenshots/screenshot02a.png</screenshot>
	    <screenshot>resources/screenshots/screenshot03a.png</screenshot>
        </assets>
        <news>Multi Sources Edition (Default Openscrapers</news>
    </extension>
</addon>
