<?xml version="1.0" encoding="UTF-8" standalone="yes"?>
<addon id="script.dg.metadata" version="1.0.0" name="[COLORwhite]DG Metadata[/COLOR]" provider-name="DG">
	<requires>
		<!--<import addon="xbmc.python" version="2.19.0"/>-->
	</requires>
	<extension point="xbmc.python.module" library="lib" />
	<extension point="xbmc.addon.metadata">
		<summary>Metadata for the DG Addon</summary>
		<description>Metadata for DG are maintained separately to make distribution of the the addon itself easier/faster.</description>
		<platform>all</platform>
	</extension>
</addon>
