<?xml version="1.0" encoding="UTF-8"?>
<addon id="repository.griceadvicekodi" name="Grice Advice Kodi Repo" provider-name="Grice Advice" version="1.0.30">
	<extension point="xbmc.addon.repository" name="Grice Advice Kodi Repo" >
			<dir>
			<info compressed="false">https://raw.githubusercontent.com/deangrice07/dg.github.io/master/Matrix/Repository/zips/addons.xml</info>
			<checksum>https://raw.githubusercontent.com/deangrice07/dg.github.io/master/Matrix/Repository/zips/addons.xml.md5</checksum>
			<datadir zip="true">https://raw.githubusercontent.com/deangrice07/dg.github.io/master/Matrix/Repository/zips</datadir>
			</dir>
			<dir>
			<info compressed="false">https://raw.githubusercontent.com/Gujal00/smrzips/master/addons.xml</info>
			<checksum>https://raw.githubusercontent.com/Gujal00/smrzips/master/addons.xml.md5</checksum>
			<datadir zip="true">https://raw.githubusercontent.com/Gujal00/smrzips/master/zips/</datadir>
			</dir>
			<dir>
			<info compressed="false">https://raw.githubusercontent.com/teamuniversal/scrapers/master/_modules4all/zips/addons.xml</info>
			<checksum>https://raw.githubusercontent.com/teamuniversal/scrapers/master/_modules4all/zips/addons.xml.md5</checksum>
			<datadir zip="true">https://raw.githubusercontent.com/teamuniversal/scrapers/master/_modules4all/zips/</datadir>
			</dir>
			<dir>
			<info compressed="false">https://raw.githubusercontent.com/a4k-openproject/repository.openscrapers/master/zips/addons.xml</info>
			<checksum>https://raw.githubusercontent.com/a4k-openproject/repository.openscrapers/master/zips/addons.xml.md5</checksum>
			<datadir zip="true">https://raw.githubusercontent.com/a4k-openproject/repository.openscrapers/master/zips/</datadir>
			</dir>
			<dir>
			<info compressed="false">https://raw.githubusercontent.com/therealatreides/housetools/master/code/_housefiles/addons.xml</info>
			<checksum>https://raw.githubusercontent.com/therealatreides/housetools/master/code/_housefiles/addons.xml.md5</checksum>
			<datadir zip="true">https://raw.githubusercontent.com/therealatreides/housetools/master/code/_housefiles/</datadir>
			</dir>
	</extension>
	<extension point="xbmc.addon.metadata">
		<summary lang="en">Grice Advice Kodi Repo is a team of individuals that does what it can to provide others, you the best in entertainment.</summary>
		<description lang="en">Many come, Many go. The true and dedicated are here. We here</description>
		<platform>all</platform>
		<license>GNU GENERAL PUBLIC LICENSE. Version 3, 29 June 2007</license>
		<disclaimer lang="en">The author of this addon do not host any of the content which is found and have no affiliation with any of the content providers. This addon simply searches websites for content. Use at your own risk!</disclaimer>
		<assets>
			<icon>icon.png</icon>
			<fanart>fanart.jpg</fanart>
			<screenshot>resources/art/ss/1.png</screenshot>
			<screenshot>resources/art/ss/2.png</screenshot>
			<screenshot>resources/art/ss/3.png</screenshot>
		</assets>
	</extension>
</addon>