<addon id="plugin.video.dg" name="[COLOR ghostwhite]DG[/COLOR]" provider-name="Grizzard" version="1.0.11">
	<requires>
		<import addon="xbmc.python" version="3.0.0" />
		<import addon="context.dg" />
		<import addon="script.module.myaccounts" />
		<import addon="script.module.fenomscrapers" version="1.5.9" />
		<import addon="script.module.requests" />
		<import addon="script.module.beautifulsoup4" />
		<import addon="script.module.metahandler" optional="true" />
		<import addon="plugin.video.youtube" optional="true" />
	</requires>
	<extension library="dg.py" point="xbmc.python.pluginsource">
		<provides>video</provides>
	</extension>
	<extension library="service.py" point="xbmc.service" start="startup" />
	<extension library="resources/lib/" point="xbmc.python.module" />
	<extension point="xbmc.addon.metadata">
		<reuselanguageinvoker>true</reuselanguageinvoker>
		<summary lang="en">[B][COLOR ghostwhite]DG[/COLOR][/B] - We do not host any of the contents streamed</summary>
		<description lang="en">[B][COLOR ghostwhite]DG[/COLOR][/B][CR] This addon does not form part of the Kodi Media Centre. Please do not seek assistance with this addon from any of the Official Kodi Support Channels.[CR]The author does not host any of the content in this addon and takes no responsibility for content found</description>
		<platform>all</platform>
		<license>GNU GENERAL PUBLIC LICENSE. Version 3, 29 June 2007</license>
		<forum />
		<disclaimer lang="en">The author of this addon does not host any of the content which is found and have no affiliation with any of the content providers. This addon simply searches websites for content. Use at your own risk!</disclaimer>
		<assets>
			<icon>icon.gif</icon>
			<fanart>fanart.jpg</fanart>
			<screenshot>resources/screenshots/screenshot001.jpg</screenshot>
			<screenshot>resources/screenshots/screenshot002.jpg</screenshot>
			<screenshot>resources/screenshots/screenshot003.jpg</screenshot>
		</assets>
	</extension>
</addon>