<?xml version="1.0" encoding="UTF-8" standalone="yes"?>
<addon id="context.dg" name="DG - Global Context Menu Items" provider-name="DG" version="1.0.4">
	<requires>
		<import addon="script.module.requests" version="2.19.1" />
	</requires>
	<extension point="kodi.context.item">
		<menu id="kodi.core.main">
			<item library="contextSettings.py">
				<label>[B][COLOR white]DG[/COLOR][/B] - CM Settings</label>
				<visible>
					!String.IsEmpty(Window(home).Property(context.dg.settings)) +
					String.StartsWith(ListItem.path,plugin://plugin.video.dg/) +
					String.IsEqual(ListItem.Property(isDG_widget),true)
				</visible>
			</item>
			<item library="traktManager.py">
				<label>[B][COLOR white]DG[/COLOR][/B] - Trakt Manager</label>
				<visible>
					!String.IsEmpty(Window(home).Property(context.dg.traktManager)) +
					String.StartsWith(ListItem.path,plugin://plugin.video.dg/) +
					String.IsEqual(ListItem.Property(isDG_widget),true) +
					[String.IsEqual(ListItem.dbtype,episode) | String.IsEqual(ListItem.dbtype,tvshow) | String.IsEqual(ListItem.dbtype,season) | String.IsEqual(ListItem.dbtype,movie)]
				</visible>
			</item>
			<item library="clearProviders.py">
				<label>[B][COLOR white]DG[/COLOR][/B] - Clear Providers</label>
				<visible>
					[!String.IsEmpty(Window(home).Property(context.dg.clearProviders)) +
					String.StartsWith(ListItem.FolderPath,plugin://plugin.video.dg/?action=play) +
					String.IsEqual(ListItem.Property(isDG_widget),true) +
					[String.IsEqual(ListItem.dbtype,episode) | String.IsEqual(ListItem.dbtype,movie)]] |
					[String.Contains(Container.FolderPath,videodb://) +
					[String.Contains(Container.ListItem.Path,Window(home).Property(dg.movieLib.path)) | String.Contains(Container.ListItem.Path,Window(home).Property(dg.tvLib.path))] +
					[String.IsEqual(ListItem.dbtype,episode) | String.IsEqual(ListItem.dbtype,movie)]]
				</visible>
			</item>
			<item library="clearBookmark.py">
				<label>[B][COLOR white]DG[/COLOR][/B] - Clear Item Bookmark</label>
				<visible>
					!String.IsEmpty(Window(home).Property(context.dg.clearBookmark)) +
					String.StartsWith(ListItem.FolderPath,plugin://plugin.video.dg/?action=play) +
					String.IsEqual(ListItem.Property(isDG_widget),true) +
					ListItem.IsResumable +
					[String.IsEqual(ListItem.dbtype,episode) | String.IsEqual(ListItem.dbtype,movie)]
				</visible>
			</item>
			<item library="rescrape.py">
				<label>[B][COLOR white]DG[/COLOR][/B] - Rescrape Item</label>
				<visible>
					[!String.IsEmpty(Window(home).Property(context.dg.rescrape)) +
					String.StartsWith(ListItem.FolderPath,plugin://plugin.video.dg/?action=play) +
					String.IsEqual(ListItem.Property(isDG_widget),true) +
					[String.IsEqual(ListItem.dbtype,episode) | String.IsEqual(ListItem.dbtype,movie)]]
				</visible>
			</item>
			<item library="libRescrape.py">
				<label>[B][COLOR white]DG[/COLOR][/B] - Rescrape Lib Item</label>
				<visible>
					String.Contains(Container.FolderPath,videodb://) +
					[String.Contains(Container.ListItem.Path,Window(home).Property(dg.movieLib.path)) | String.Contains(Container.ListItem.Path,Window(home).Property(dg.tvLib.path))] +
					[String.IsEqual(ListItem.dbtype,episode) | String.IsEqual(ListItem.dbtype,movie)]
				</visible>
			</item>
			<item library="playFromHere.py">
				<label>[B][COLOR white]DG[/COLOR][/B] - Play from here</label>
				<visible>
					!String.IsEmpty(Window(home).Property(context.dg.playFromHere)) +
					String.StartsWith(ListItem.path,plugin://plugin.video.dg/) +
					String.IsEqual(ListItem.Property(isDG_widget),true) +
					String.IsEqual(ListItem.dbtype,episode)
				</visible>
			</item>
			<item library="autoPlay.py">
				<label>[B][COLOR white]DG[/COLOR][/B] - Auto Play</label>
				<visible>
					String.IsEmpty(Window(home).Property(dg.autoPlay.enabled)) +
					!String.IsEmpty(Window(home).Property(context.dg.autoPlay)) +
					String.StartsWith(ListItem.FolderPath,plugin://plugin.video.dg/?action=play) +
					String.IsEqual(ListItem.Property(isDG_widget),true) +
					[String.IsEqual(ListItem.dbtype,episode) | String.IsEqual(ListItem.dbtype,movie)]
				</visible>
			</item>
			<item library="sourceSelect.py">
				<label>[B][COLOR white]DG[/COLOR][/B] - Source Select</label>
				<visible>
					!String.IsEmpty(Window(home).Property(dg.autoPlay.enabled)) +
					!String.IsEmpty(Window(home).Property(context.dg.sourceSelect)) +
					String.StartsWith(ListItem.FolderPath,plugin://plugin.video.dg/?action=play) +
					String.IsEqual(ListItem.Property(isDG_widget),true) +
					[String.IsEqual(ListItem.dbtype,episode) | String.IsEqual(ListItem.dbtype,movie)]
				</visible>
			</item>
			<item library="findSimilar.py">
				<label>[B][COLOR white]DG[/COLOR][/B] - Find Similar</label>
				<visible>
					!String.IsEmpty(Window(home).Property(context.dg.findSimilar)) +
					String.StartsWith(ListItem.path,plugin://plugin.video.dg/) +
					String.IsEqual(ListItem.Property(isDG_widget),true) +
					[String.IsEqual(ListItem.dbtype,tvshow) | String.IsEqual(ListItem.dbtype,movie)]
				</visible>
			</item>
			<item library="browseSeries.py">
				<label>[B][COLOR white]DG[/COLOR][/B] - Browse Series</label>
				<visible>
					!String.IsEmpty(Window(home).Property(context.dg.browseSeries)) +
					String.StartsWith(ListItem.path,plugin://plugin.video.dg/) +
					String.IsEqual(ListItem.Property(isDG_widget),true) +
					[String.IsEqual(ListItem.dbtype,episode) | String.IsEqual(ListItem.dbtype,tvshow)]
				</visible>
			</item>
			<item library="browseEpisodes.py">
				<label>[B][COLOR white]DG[/COLOR][/B] - Browse Episodes</label>
				<visible>
					!String.IsEmpty(Window(home).Property(context.dg.browseEpisodes)) +
					String.StartsWith(ListItem.path,plugin://plugin.video.dg/) +
					String.IsEqual(ListItem.Property(isDG_widget),true) +
					String.IsEqual(ListItem.dbtype,episode)
				</visible>
			</item>
		</menu>
	</extension>
	<extension point="xbmc.service" library="service.py" />
	<extension point="xbmc.addon.metadata">
		<summary lang="en">DG - This Addon is currently in beta. Please be aware there may be bugs present</summary>
		<description lang="en">Adds Global Contextual Menu Items for DG menu items throughout Kodi</description>
		<platform>all</platform>
		<license>GNU GENERAL PUBLIC LICENSE. Version 3, 29 June 2007</license>
		<forum></forum>
		<disclaimer lang="en"></disclaimer>
		<assets>
			<icon>icon.gif</icon>
			<fanart>fanart.jpg</fanart>
			<screenshot></screenshot>
		</assets>
	</extension>
</addon>