<?xml version="1.0" encoding="UTF-8" standalone="yes"?>
<addon id="plugin.program.grizzard" name="[COLORghostwhite]Grizzard Wizard[/COLOR]" version="1.0.1" provider-name="Grice Advice">
	<requires>
		<import addon="xbmc.python" version="3.0.0"/>
	</requires>
	<extension point="xbmc.python.pluginsource" library="addon.py">
		<provides>executable</provides>
	</extension>
	<extension point="xbmc.service" library="service.py" />
	<extension point="xbmc.addon.metadata">
		<summary lang="en_GB">Grizzard is a Wizard for installing builds on Kodi 19 Matrix.</summary>
		<description lang="en_GB">Kodi 19 Wizard</description>
		<disclaimer lang="en_GB">This Addon contains no content</disclaimer>
		<language>en</language>
		<platform>all</platform>
		<license>GPL-2.0-or-later</license>
		<forum></forum>
		<website></website>
		<email></email>
		<source></source>
		<news>
0.1 - Initial Release
		</news>
		<assets>
				<icon>resources/icon.png</icon>
				<fanart>resources/fanart.jpg</fanart>
				<banner></banner>
				<clearlogo></clearlogo>
				<screenshot></screenshot>
		</assets>
	</extension>
</addon>
