<?xml version="1.0" encoding="UTF-8" standalone="yes"?>
<addon id="script.module.dg" name="DG Module" version="1.0.0" provider-name="DG">
	<requires>
		<import addon="xbmc.python" version="2.1.0" />
	</requires>
	<extension point="xbmc.python.module" library="lib" />
	<extension point="xbmc.addon.metadata">
		<platform>all</platform>
		<summary lang="en">DG Module</summary>
		<assets>
	      <icon>icon.png</icon>
		</assets>
	<reuselanguageinvoker>false</reuselanguageinvoker>
	</extension>
</addon>
