<?xml version="1.0" encoding="UTF-8" standalone="yes"?>
<addon id="script.dg.artwork" version="1.0.3" name="[COLOR white]DG Artwork[/COLOR]" provider-name="DG">
	<requires>
		<import addon="xbmc.python" version="2.19.0"/>
	</requires>
	<extension point="xbmc.python.module" library="lib" />
	<extension point="xbmc.addon.metadata">
		<summary>DG Artwork</summary>
		<description>Themes for DG are maintained separately to make distribution of the the addon itself easier/faster.</description>
		<platform>all</platform>
        <assets>
	      <icon>icon.png</icon>
		</assets>		
	</extension>
</addon>
