<?xml version="1.0" encoding="UTF-8" standalone="yes"?>
<addon id="plugin.program.griceadviceguiwiz" name="[COLOR ghostwhite]Grice Advice GUI Wizard[/COLOR]" version="1.0.0" provider-name="[COLOR ghostwhite]Grice Advice[/COLOR]">
  <requires>
    <import addon="xbmc.python" version="2.1.0"/>
  </requires>
  <extension point="xbmc.python.pluginsource" library="default.py">
        <provides>executable</provides>
  </extension>
  <extension point="xbmc.service" library="startup.py" start="startup" />
  <extension point="xbmc.addon.metadata">
    <summary lang="en">Grice Advice Wizard</summary>
    <description lang="en">In this wizard you will find the latest Grice Advice Wizard and Builds.</description>
    <platform>all</platform>
  </extension>
</addon>