<?xml version="1.0" encoding="utf-8"?>
<!-- BINGIE -->
<window>
    <defaultcontrol always="true">113</defaultcontrol>
	<onunload>ClearProperty(AdditionalInfo)</onunload>
	
    <controls>

		<control type="group">
	
			<include>GlobalBackground</include>

<!-- Background Panel-->
				<control type="image">
					<posx>0</posx>
					<posy>0</posy>
					<width>100%</width>
					<height>100%</height>
					<texture border="5">diffuse/bgpanel.png</texture>
                    <colordiffuse>$VAR[BingiePanelColor]</colordiffuse>
                    <visible>!Skin.HasSetting(DialogVideoInfoHidePanel)</visible>
					<aspectratio>stretch</aspectratio>
				</control>
			
			<control type="label">

                <!-- actor name -->
				<include>animation_fade_visible_hidden</include>
				<posx>61</posx>
				<posy>10</posy>
				<width min="80" max="1400">auto</width>
				<height>100</height>
				<font>Bold45</font>
				<align>left</align>
				<textcolor>$INFO[Skin.String(HeaderTextColor)]</textcolor>
				<label>$INFO[Window.Property(Title)]</label>
				<shadowcolor>$INFO[Skin.String(HeaderTextShadowColor)]</shadowcolor>
			 </control>
			 <control type="label">
                <!-- actor name -->
				<include>animation_fade_visible_hidden</include>
				<posx>61</posx>
				<posy>10</posy>
				<width min="80" max="1400">auto</width>
				<height>100</height>
				<font>Bold45</font>
				<align>left</align>
				<textcolor>$INFO[Skin.String(HeaderTextColor)]</textcolor>
				<label>$INFO[Window.Property(label)]</label>
				<shadowcolor>$INFO[Skin.String(HeaderTextShadowColor)]</shadowcolor>
				<visible>String.IsEmpty(Window.Property(Title))</visible>
			 </control>
            <control type="label">
                <!-- additional info subtitle -->
				<include>animation_fade_visible_hidden</include>
				<right>63</right>
				<posy>10</posy>
				<width min="80" max="1400">auto</width>
				<height>100</height>
				<font>Bold45</font>
				<align>right</align>
				<textcolor>$INFO[Skin.String(HeaderTextColor)]</textcolor>
				<label>$INFO[Window.Property(subtitle)]</label>
				<shadowcolor>$INFO[Skin.String(HeaderTextShadowColor)]</shadowcolor>
                <visible>!String.IsEmpty(Window.Property(AdditionalInfo))</visible>
			</control>
				
			<control type="group">
				<visible>!Window.IsVisible(FileBrowser)</visible>
				<include>animation_window_open_close</include>				
				
				<control type="group">
					<!--Info Stuff-->
					<control type="image">
						<posx>0</posx>
						<bottom>0</bottom>
						<width>100%</width>
						<height>90</height>
						<texture border="5">diffuse/panel.png</texture>
						<colordiffuse>$INFO[Skin.String(GeneralPanelsColor)]</colordiffuse>
					</control>
					
					<control type="scrollbar" id="60">
						<left>0</left>
						<width>100%</width>
						<bottom>0</bottom>
						<height>80</height>
						<onup>502</onup>
						<onleft>60</onleft>
						<onright>60</onright>
						<orientation>horizontal</orientation>
						<animation effect="fade" start="100" end="0" time="10" condition="true">Conditional</animation>
					</control>

					<!--Butons 9000-->			
					<control type="grouplist" id="9000">
						<posx>65</posx>
						<bottom>15</bottom>
						<width>1800</width>
						<height>60</height>
						<itemgap>15</itemgap>
                        <onup condition="Control.IsVisible(140)">SetFocus(140)</onup>
                        <onup condition="Control.IsVisible(150)">SetFocus(150)</onup>
                        <onup condition="Control.IsVisible(250)">SetFocus(250)</onup>
                        <onup condition="Control.IsVisible(350)">SetFocus(350)</onup>
                        <onup condition="Control.IsVisible(450)">SetFocus(450)</onup>
                        <onup condition="Control.IsVisible(550)">SetFocus(550)</onup>
                        <onup condition="Control.IsVisible(650)">SetFocus(650)</onup>
                        <onup condition="Control.IsVisible(750)">SetFocus(750)</onup>
						<onleft>9000</onleft>
						<onright>9000</onright>
						<pagecontrol>60</pagecontrol>
						<orientation>horizontal</orientation>
						
						<include condition="Skin.HasSetting(EnableTouchSupport)">back_button</include>
                        <include condition="Skin.HasSetting(EnableTouchSupport)">home_button</include>
                        <control type="button" id="220">
							<!--Info Button-->
							<label>19033</label>
							<width>285</width>
							<height>60</height>
							<align>center</align>
							<textoffsetx>0</textoffsetx>
							<onclick>ClearProperty(AdditionalInfo)</onclick>
                            <onclick>ClearProperty(subtitle)</onclick>
							<visible>!String.IsEmpty(Window.Property(AdditionalInfo))</visible>
						</control>
                        <control type="button" id="113">
							<!--local media-->
							<label>31657</label>
							<width>285</width>
							<height>60</height>
							<align>center</align>
							<textoffsetx>0</textoffsetx>
							<onclick>SetProperty(AdditionalInfo, localmedia)</onclick>
                            <onclick>SetProperty(subtitle, Local Media)</onclick>
							<onclick>SetFocus(140)</onclick>
							<visible>!String.IsEqual(Window.Property(AdditionalInfo),localmedia)</visible>
                            <visible allowhiddenfocus="String.IsEmpty(Window.Property(AdditionalInfo))">Integer.IsGreater(Container(140).NumItems,0)</visible>
						</control>
						
						<control type="button" id="114">
							<!--actor movies-->
							<label>$ADDON[script.extendedinfo 32120]</label>
							<width>285</width>
							<height>60</height>
							<align>center</align>
							<textoffsetx>0</textoffsetx>
							<onclick>SetProperty(AdditionalInfo, actormovies)</onclick>
                            <onclick>SetProperty(subtitle, $ADDON[script.extendedinfo 32120])</onclick>
							<onclick>SetFocus(150)</onclick>
							<visible>!String.IsEqual(Window.Property(AdditionalInfo),actormovies)</visible>
                            <visible>Integer.IsGreater(Container(150).NumItems,0)</visible>
						</control>
                        <control type="button" id="115">
							<!--actor shows-->
							<label>$ADDON[script.extendedinfo 32121]</label>
							<width>285</width>
							<height>60</height>
							<align>center</align>
							<textoffsetx>0</textoffsetx>
							<onclick>SetProperty(AdditionalInfo, actorshows)</onclick>
                            <onclick>SetProperty(subtitle, $ADDON[script.extendedinfo 32121])</onclick>
							<onclick>SetFocus(250)</onclick>
							<visible>!String.IsEqual(Window.Property(AdditionalInfo),actorshows)</visible>
                            <visible>Integer.IsGreater(Container(250).NumItems,0)</visible>
						</control>
                        <control type="button" id="116">
							<!--actor movie crew-->
							<label>$ADDON[script.extendedinfo 32122]</label>
							<width>300</width>
							<height>60</height>
							<align>center</align>
							<textoffsetx>0</textoffsetx>
							<onclick>SetProperty(AdditionalInfo, actorcrew)</onclick>
                            <onclick>SetProperty(subtitle, $ADDON[script.extendedinfo 32122])</onclick>
							<onclick>SetFocus(550)</onclick>
							<visible>!String.IsEqual(Window.Property(AdditionalInfo),actorcrew)</visible>
                            <visible>Integer.IsGreater(Container(550).NumItems,0)</visible>
						</control>
                        <control type="button" id="117">
							<!--actor tvshow crew-->
							<label>$ADDON[script.extendedinfo 32123]</label>
							<width>330</width>
							<height>60</height>
							<align>center</align>
							<textoffsetx>0</textoffsetx>
							<onclick>SetProperty(AdditionalInfo, actortvcrew)</onclick>
                            <onclick>SetProperty(subtitle, $ADDON[script.extendedinfo 32123])</onclick>
							<onclick>SetFocus(650)</onclick>
							<visible>!String.IsEqual(Window.Property(AdditionalInfo),actortvcrew)</visible>
                            <visible>Integer.IsGreater(Container(650).NumItems,0)</visible>
						</control>
                        <control type="button" id="118">
							<!--youtube-->
							<label>$ADDON[script.extendedinfo 32118]</label>
							<width>285</width>
							<height>60</height>
							<align>center</align>
							<textoffsetx>0</textoffsetx>
							<onclick>SetProperty(AdditionalInfo, youtube)</onclick>
                            <onclick>SetProperty(subtitle, $ADDON[script.extendedinfo 32118])</onclick>
							<onclick>SetFocus(350)</onclick>
							<visible>!String.IsEqual(Window.Property(AdditionalInfo),youtube)</visible>
                            <visible>Integer.IsGreater(Container(350).NumItems,0)</visible>
						</control>
                        <control type="button" id="120">
							<!--artwork-->
							<label>$ADDON[script.extendedinfo 32119]</label>
							<width>285</width>
							<height>60</height>
							<align>center</align>
							<textoffsetx>0</textoffsetx>
							<onclick>SetProperty(AdditionalInfo, posters)</onclick>
							<onclick>SetFocus(450)</onclick>
							<visible>!String.IsEqual(Window.Property(AdditionalInfo),posters)</visible>
                            <onclick>SetProperty(subtitle, $ADDON[script.extendedinfo 32119])</onclick>
                            <visible>Integer.IsGreater(Container(450).NumItems,0)</visible>
						</control>
                 						
						
                        <control type="radiobutton" id="3052">
                            <!--Hide panel behind moviedetails-->
                            <label>31155</label>
                            <width>530</width>
                            <textoffsetx>20</textoffsetx>
                            <align>left</align>
                            <onclick>Skin.ToggleSetting(DialogVideoInfoHidePanel)</onclick>
                            <selected>Skin.HasSetting(DialogVideoInfoHidePanel)</selected>
                        </control>
					</control>
									
					<!--Arrow-->
						<control type="image">
							<animation effect="fade" start="100" end="50" tween="sine" easing="inout" time="800" pulse="true" reversible="false" condition="true">Conditional</animation>
							<left>1880</left>
							<bottom>16</bottom>
							<posy>50</posy>
							<width>20</width>
							<height>60</height>
							<aspectratio>keep</aspectratio>
							<texture>dialogs/videoinfo/arrow.png</texture>
							<visible>!Control.HasFocus(51)</visible>
							<colordiffuse>white</colordiffuse>
							<visible>Container(9000).HasNext</visible>
						</control>
						<control type="image">
							<animation effect="fade" start="100" end="50" tween="sine" easing="inout" time="800" pulse="true" reversible="false" condition="true">Conditional</animation>
							<left>35</left>
							<bottom>16</bottom>
							<posy>50</posy>
							<width>20</width>
							<height>60</height>
							<aspectratio>keep</aspectratio>
							<texture flipx="true">dialogs/videoinfo/arrow.png</texture>
							<visible>!Control.HasFocus(51)</visible>
							<colordiffuse>white</colordiffuse>
							<visible>Container(9000).HasPrevious</visible>
						</control>
						
					<control type="group" id="9010">
						<include>animation_window_open_close</include>

						<!--Info-->
						<control type="grouplist">
							<posx>65</posx>
							<posy>180</posy>
							<width>1200</width>
							<height>700</height>
							<orientation>vertical</orientation>
							<visible>String.IsEmpty(Window.Property(AdditionalInfo))</visible>
							<control type="textbox">
								<posx>0</posx>
								<posy>0</posy>
								<width>1200</width>
								<height>500</height>
								<label fallback="19055">$INFO[Window.Property(Biography)]</label>
								<textcolor>$INFO[Skin.String(ViewDetailsTextColor)]</textcolor>
								<shadowcolor>$INFO[Skin.String(ViewDetailsTextShadowColor)]</shadowcolor>
								<align>justify</align>
								<font>Reg26</font>
							</control>
							<control type="image">
								<width>1200</width>
								<height>1</height>
								<posy>10</posy>
								<texture>colors/color_white.png</texture>
							</control>
							<control type="image">
								<width>1150</width>
								<height>10</height>
								<posy>10</posy>
								<texture>colors/color_transparent.png</texture>
							</control>
							<control type="group">
								<!--Acrors age and birthday -->
								<width>950</width>
								<height>40</height>
								<control type="image">
									<posx>0</posx>
									<posy>3</posy>
									<width>49</width>
									<height>49</height>
                                    <colordiffuse>$INFO[Skin.String(ViewDetailsTextColor)]</colordiffuse>
									<texture>dialogs/videoinfo/premiered-icon.png</texture>
								</control>
								<control type="label">
									<posx>60</posx>
									<posy>0</posy>
									<width>530</width>
									<font>Reg26</font>
									<align>left</align>
									<label>$INFO[Window.Property(Birthday)] $INFO[Window.Property(Age),($ADDON[script.extendedinfo 32020]: ,)]</label>
									<textcolor>$INFO[Skin.String(ViewDetailsTextColor)]</textcolor>
									<shadowcolor>$INFO[Skin.String(ViewDetailsTextShadowColor)]</shadowcolor>
									<scroll>false</scroll>
                                    <visible>String.IsEmpty(Window.Property(Deathday))</visible>
								</control>
								<control type="label">
									<posx>60</posx>
									<posy>0</posy>
									<width>530</width>
									<font>Reg26</font>
									<align>left</align>
									<label fallback="19055">$INFO[Window.Property(Birthday)]$INFO[Window.Property(Deathday), - ]</label>
									<textcolor>$INFO[Skin.String(ViewDetailsTextColor)]</textcolor>
									<shadowcolor>$INFO[Skin.String(ViewDetailsTextShadowColor)]</shadowcolor>
									<scroll>false</scroll>
                                    <visible>!String.IsEmpty(Window.Property(Deathday))</visible>
								</control>
								<control type="image">
									<posx>550</posx>
									<posy>3</posy>
									<width>49</width>
									<height>49</height>
                                    <colordiffuse>$INFO[Skin.String(ViewDetailsTextColor)]</colordiffuse>
									<texture>dialogs/videoinfo/location.png</texture>
                                    <bordersize>8</bordersize>
								</control>
								<control type="label">
									<posx>610</posx>
									<posy>0</posy>
									<width>530</width>
									<font>Reg26</font>
									<align>left</align>
									<label fallback="19055">$INFO[Window.Property(PlaceOfBirth)]</label>
									<textcolor>$INFO[Skin.String(ViewDetailsTextColor)]</textcolor>
									<shadowcolor>$INFO[Skin.String(ViewDetailsTextShadowColor)]</shadowcolor>
									<scroll>false</scroll>
								</control>
							</control>
							<control type="group">
								<!--Actors movies and website -->
								<width>530</width>
								<height>40</height>
								<control type="image">
									<posx>0</posx>
									<posy>5</posy>
									<width>49</width>
									<height>49</height>
                                    <colordiffuse>$INFO[Skin.String(ViewDetailsTextColor)]</colordiffuse>
									<texture>dialogs/videoinfo/tvstudio-icon.png</texture>
								</control>
								<control type="label">
									<posx>60</posx>
									<posy>0</posy>
									<width>500</width>
									<font>Reg26</font>
									<align>left</align>
									<label fallback="19055">$INFO[Container(150).NumItems] $INFO[Window.Property(DBMovies),(, $ADDON[script.extendedinfo 32021])]</label>
									<textcolor>$INFO[Skin.String(ViewDetailsTextColor)]</textcolor>
									<shadowcolor>$INFO[Skin.String(ViewDetailsTextShadowColor)]</shadowcolor>
									<scroll>false</scroll>
								</control>
								<control type="image">
									<posx>550</posx>
									<posy>2</posy>
									<width>49</width>
									<height>49</height>
                                    <colordiffuse>$INFO[Skin.String(ViewDetailsTextColor)]</colordiffuse>
									<texture>dialogs/videoinfo/home.png</texture>
                                    <bordersize>8</bordersize>
								</control>
								<control type="label">
									<posx>610</posx>
									<posy>0</posy>
									<width>530</width>
									<font>Reg26</font>
									<align>left</align>
									<label fallback="19055">$INFO[Window.Property(Homepage)]</label>
									<textcolor>$INFO[Skin.String(ViewDetailsTextColor)]</textcolor>
									<shadowcolor>$INFO[Skin.String(ViewDetailsTextShadowColor)]</shadowcolor>
									<scroll>false</scroll>
								</control>
							</control>

						</control>
                        <control type="image">
							<!--poster-->
							<right>63</right>
							<posy>180</posy>
							<width>544</width>
							<height>737</height>
							<aspectratio align="right" aligny="top" scalediffuse="true">keep</aspectratio>
							<texture background="true" diffuse="diffuse/poster.png" fallback="DefaultVideo.png" border="5">$INFO[Window.Property(thumb)]</texture>
						</control>
                    </control>
					
					<!--Additional Info List-->
					<control type="group">
						<include>animation_window_open_close</include>
                        <!-- local media -->
                        <control type="panel" id="140">
                            <posx>55</posx>
							<posy>172</posy>
							<width>1200</width>
							<height>760</height>
							<ondown>9000</ondown>
							<onleft>ClearProperty(AdditionalInfo)</onleft>
							<onback>ClearProperty(AdditionalInfo)</onback>
							<onleft>SetFocus(9000)</onleft>
							<scrolltime>200</scrolltime>
							<orientation>vertical</orientation>
							<focusposition>0</focusposition>
							<viewtype label="actor list">list</viewtype>
                            <visible allowhiddenfocus="true">String.IsEqual(Window.Property(AdditionalInfo),localmedia)</visible>
                            <itemlayout height="380" width="240">
                                <control type="group">
                                    <width>232</width>
                                    <height>322</height>
                                    <include>PosterPanelLayout</include>
                                  </control>
								  <control type="group">
									<left>0</left>
									<top>302</top>
									<control type="label">
										<width>232</width>
										<label>$INFO[ListItem.Label]</label>
										<font>font10</font>
										<textoffsetx>10</textoffsetx>
										<scroll>false</scroll>
										<align>center</align>
										<textcolor>$INFO[Skin.String(ViewDetailsTextColor)]</textcolor>
									</control>
									<control type="label">
										<top>25</top>
										<width>232</width>
										<label>$INFO[ListItem.Year]</label>
										<font>font10</font>
										<textoffsetx>10</textoffsetx>
										<scroll>false</scroll>
										<align>center</align>
										<textcolor>$INFO[Skin.String(ViewDetailsTextColor)]</textcolor>
									</control>
								</control>
                            </itemlayout>
                            <focusedlayout height="380" width="240">
                                <control type="group">
                                    <width>232</width>
                                    <height>322</height>
                                    <include>PosterPanelLayoutFocus</include>
                                  </control>
								  <control type="group">
									<left>0</left>
									<top>302</top>
									<control type="label">
										<width>232</width>
										<label>$INFO[ListItem.Label]</label>
										<font>font10</font>
										<textoffsetx>10</textoffsetx>
										<scroll>true</scroll>
										<align>center</align>
										<textcolor>FFE8E8E8</textcolor>
									</control>
									<control type="label">
										<top>25</top>
										<width>232</width>
										<label>$INFO[ListItem.Year]</label>
										<font>font10</font>
										<textoffsetx>10</textoffsetx>
										<scroll>true</scroll>
										<align>center</align>
										<textcolor>FFE8E8E8</textcolor>
									</control>
								</control>
                            </focusedlayout>
                            <content>plugin://script.skin.helper.service/?action=getcastmedia&amp;name=$INFO[Window.Property(Title)]</content>
                        </control>
                        <!-- actor movies -->
                        <control type="panel" id="150">
                            <posx>55</posx>
							<posy>172</posy>
							<width>1200</width>
							<height>760</height>
							<ondown>9000</ondown>
							<onleft>ClearProperty(AdditionalInfo)</onleft>
							<onback>ClearProperty(AdditionalInfo)</onback>
							<onleft>SetFocus(9000)</onleft>
							<scrolltime>200</scrolltime>
							<orientation>vertical</orientation>
							<focusposition>0</focusposition>
							<viewtype label="actor list">list</viewtype>
                            <visible allowhiddenfocus="true">String.IsEqual(Window.Property(AdditionalInfo),actormovies)</visible>
                            <itemlayout height="380" width="240">
                                <control type="group">
                                    <width>232</width>
                                    <height>322</height>
                                    <include>PosterPanelLayout</include>
                                  </control>
								  <control type="group">
									<left>0</left>
									<top>302</top>
									<control type="label">
										<width>232</width>
										<label>$INFO[ListItem.Label]</label>
										<font>font10</font>
										<textoffsetx>10</textoffsetx>
										<scroll>false</scroll>
										<align>center</align>
										<textcolor>$INFO[Skin.String(ViewDetailsTextColor)]</textcolor>
									</control>
									<control type="label">
										<top>25</top>
										<width>232</width>
										<label>$INFO[ListItem.Year]</label>
										<font>font10</font>
										<textoffsetx>10</textoffsetx>
										<scroll>false</scroll>
										<align>center</align>
										<textcolor>$INFO[Skin.String(ViewDetailsTextColor)]</textcolor>
									</control>
								</control>
                            </itemlayout>
                            <focusedlayout height="380" width="240">
                                <control type="group">
                                    <width>232</width>
                                    <height>322</height>
                                    <include>PosterPanelLayoutFocus</include>
                                  </control>
								  <control type="group">
									<left>0</left>
									<top>302</top>
									<control type="label">
										<width>232</width>
										<label>$INFO[ListItem.Label]</label>
										<font>font10</font>
										<textoffsetx>10</textoffsetx>
										<scroll>true</scroll>
										<align>center</align>
										<textcolor>FFE8E8E8</textcolor>
									</control>
									<control type="label">
										<top>25</top>
										<width>232</width>
										<label>$INFO[ListItem.Year]</label>
										<font>font10</font>
										<textoffsetx>10</textoffsetx>
										<scroll>true</scroll>
										<align>center</align>
										<textcolor>FFE8E8E8</textcolor>
									</control>
								</control>
                            </focusedlayout>
                        </control>
                                         <!-- actor shows -->
                        <control type="panel" id="250">
                            <posx>55</posx>
							<posy>172</posy>
							<width>1200</width>
							<height>760</height>
							<ondown>9000</ondown>
							<onleft>ClearProperty(AdditionalInfo)</onleft>
							<onback>ClearProperty(AdditionalInfo)</onback>
							<onleft>SetFocus(9000)</onleft>
							<scrolltime>200</scrolltime>
							<orientation>vertical</orientation>
							<focusposition>0</focusposition>
							<viewtype label="actor list">list</viewtype>
                            <visible allowhiddenfocus="true">String.IsEqual(Window.Property(AdditionalInfo),actorshows)</visible>
                            <itemlayout height="380" width="240">
                                <control type="group">
                                    <width>232</width>
                                    <height>322</height>
                                    <include>PosterPanelLayout</include>
                                  </control>
								  <control type="group">
									<left>0</left>
									<top>302</top>
									<control type="label">
										<width>232</width>
										<label>$INFO[ListItem.Label]</label>
										<font>font10</font>
										<textoffsetx>10</textoffsetx>
										<scroll>false</scroll>
										<align>center</align>
										<textcolor>$INFO[Skin.String(ViewDetailsTextColor)]</textcolor>
									</control>
									<control type="label">
										<top>25</top>
										<width>232</width>
										<label>$INFO[ListItem.Year]</label>
										<font>font10</font>
										<textoffsetx>10</textoffsetx>
										<scroll>false</scroll>
										<align>center</align>
										<textcolor>$INFO[Skin.String(ViewDetailsTextColor)]</textcolor>
									</control>
								</control>
                            </itemlayout>
                            <focusedlayout height="380" width="240">
                                <control type="group">
                                    <width>232</width>
                                    <height>322</height>
                                    <include>PosterPanelLayoutFocus</include>
                                  </control>
								  <control type="group">
									<left>0</left>
									<top>302</top>
									<control type="label">
										<width>232</width>
										<label>$INFO[ListItem.Label]</label>
										<font>font10</font>
										<textoffsetx>10</textoffsetx>
										<scroll>true</scroll>
										<align>center</align>
										<textcolor>FFE8E8E8</textcolor>
									</control>
									<control type="label">
										<top>25</top>
										<width>232</width>
										<label>$INFO[ListItem.Year]</label>
										<font>font10</font>
										<textoffsetx>10</textoffsetx>
										<scroll>true</scroll>
										<align>center</align>
										<textcolor>FFE8E8E8</textcolor>
									</control>
								</control>
                            </focusedlayout>
                        </control>
                                          <!-- actor movie crew -->
                        <control type="panel" id="550">
                            <posx>55</posx>
							<posy>172</posy>
							<width>1200</width>
							<height>760</height>
							<ondown>9000</ondown>
							<onleft>ClearProperty(AdditionalInfo)</onleft>
							<onback>ClearProperty(AdditionalInfo)</onback>
							<onleft>SetFocus(9000)</onleft>
							<scrolltime>200</scrolltime>
							<orientation>vertical</orientation>
							<focusposition>0</focusposition>
							<viewtype label="actor list">list</viewtype>
                            <visible allowhiddenfocus="true">String.IsEqual(Window.Property(AdditionalInfo),actorcrew)</visible>
                            <itemlayout height="380" width="240">
                                <control type="group">
                                    <width>232</width>
                                    <height>322</height>
                                    <include>PosterPanelLayout</include>
                                  </control>
								  <control type="group">
									<left>0</left>
									<top>302</top>
									<control type="label">
										<width>232</width>
										<label>$INFO[ListItem.Label]</label>
										<font>font10</font>
										<textoffsetx>10</textoffsetx>
										<scroll>false</scroll>
										<align>center</align>
										<textcolor>$INFO[Skin.String(ViewDetailsTextColor)]</textcolor>
									</control>
									<control type="label">
										<top>25</top>
										<width>232</width>
										<label>$INFO[ListItem.Year]</label>
										<font>font10</font>
										<textoffsetx>10</textoffsetx>
										<scroll>false</scroll>
										<align>center</align>
										<textcolor>$INFO[Skin.String(ViewDetailsTextColor)]</textcolor>
									</control>
								</control>
                            </itemlayout>
                            <focusedlayout height="380" width="240">
                                <control type="group">
                                    <width>232</width>
                                    <height>322</height>
                                    <include>PosterPanelLayoutFocus</include>
                                  </control>
								  <control type="group">
									<left>0</left>
									<top>302</top>
									<control type="label">
										<width>232</width>
										<label>$INFO[ListItem.Label]</label>
										<font>font10</font>
										<textoffsetx>10</textoffsetx>
										<scroll>true</scroll>
										<align>center</align>
										<textcolor>FFE8E8E8</textcolor>
									</control>
									<control type="label">
										<top>25</top>
										<width>232</width>
										<label>$INFO[ListItem.Year]</label>
										<font>font10</font>
										<textoffsetx>10</textoffsetx>
										<scroll>true</scroll>
										<align>center</align>
										<textcolor>FFE8E8E8</textcolor>
									</control>
								</control>
                            </focusedlayout>
                        </control>
                                          <!-- actor tv crew -->
                        <control type="panel" id="650">
                            <posx>55</posx>
							<posy>172</posy>
							<width>1200</width>
							<height>760</height>
							<ondown>9000</ondown>
							<onleft>ClearProperty(AdditionalInfo)</onleft>
							<onback>ClearProperty(AdditionalInfo)</onback>
							<onleft>SetFocus(9000)</onleft>
							<scrolltime>200</scrolltime>
							<orientation>vertical</orientation>
							<focusposition>0</focusposition>
							<viewtype label="actor list">list</viewtype>
                            <visible allowhiddenfocus="true">String.IsEqual(Window.Property(AdditionalInfo),actortvcrew)</visible>
                            <itemlayout height="380" width="240">
                                <control type="group">
                                    <width>232</width>
                                    <height>322</height>
                                    <include>PosterPanelLayout</include>
                                  </control>
								  <control type="group">
									<left>0</left>
									<top>302</top>
									<control type="label">
										<width>232</width>
										<label>$INFO[ListItem.Label]</label>
										<font>font10</font>
										<textoffsetx>10</textoffsetx>
										<scroll>false</scroll>
										<align>center</align>
										<textcolor>$INFO[Skin.String(ViewDetailsTextColor)]</textcolor>
									</control>
									<control type="label">
										<top>25</top>
										<width>232</width>
										<label>$INFO[ListItem.Year]</label>
										<font>font10</font>
										<textoffsetx>10</textoffsetx>
										<scroll>false</scroll>
										<align>center</align>
										<textcolor>$INFO[Skin.String(ViewDetailsTextColor)]</textcolor>
									</control>
								</control>
                            </itemlayout>
                            <focusedlayout height="380" width="240">
                                <control type="group">
                                    <width>232</width>
                                    <height>322</height>
                                    <include>PosterPanelLayoutFocus</include>
                                  </control>
								  <control type="group">
									<left>0</left>
									<top>302</top>
									<control type="label">
										<width>232</width>
										<label>$INFO[ListItem.Label]</label>
										<font>font10</font>
										<textoffsetx>10</textoffsetx>
										<scroll>true</scroll>
										<align>center</align>
										<textcolor>FFE8E8E8</textcolor>
									</control>
									<control type="label">
										<top>25</top>
										<width>232</width>
										<label>$INFO[ListItem.Year]</label>
										<font>font10</font>
										<textoffsetx>10</textoffsetx>
										<scroll>true</scroll>
										<align>center</align>
										<textcolor>FFE8E8E8</textcolor>
									</control>
								</control>
                            </focusedlayout>
                        </control>
 
                                          <!-- posters -->
                        <control type="panel" id="450">
                            <posx>55</posx>
							<posy>172</posy>
							<width>1300</width>
							<height>778</height>
							<ondown>9000</ondown>
							<onleft>ClearProperty(AdditionalInfo)</onleft>
							<onback>ClearProperty(AdditionalInfo)</onback>
							<onleft>SetFocus(9000)</onleft>
							<scrolltime>200</scrolltime>
							<orientation>vertical</orientation>
							<focusposition>0</focusposition>
							<viewtype label="actor list">list</viewtype>
                            <visible allowhiddenfocus="true">String.IsEqual(Window.Property(AdditionalInfo),posters)</visible>
                            <itemlayout height="389" width="257">
                                <control type="group">
                                    <width>250</width>
                                    <height>364</height>
                                    <include>PosterPanelLayout</include>
                                  </control>
                            </itemlayout>
                            <focusedlayout height="389" width="257">
                                <control type="group">
                                    <width>250</width>
                                    <height>364</height>
                                    <include>PosterPanelLayoutFocus</include>
                                  </control>
                            </focusedlayout>
                        </control>
                                     </control>

                                 				</control>
			</control>
		</control>
	</controls>
</window>
