<?xml version="1.0" encoding="UTF-8" standalone="yes"?>
<addon id="script.dg.metadata" version="1.0.0" name="DG Metadata" provider-name="DG">
	<requires>
		<import addon="xbmc.python" version="2.19.0"/>
	</requires>
	<extension point="xbmc.python.module" library="lib" />
	<extension point="xbmc.addon.metadata">
		<summary>DG Metadata</summary>
		<description>Metadata for DG are maintained separately to make distribution of the the addon itself easier/faster.</description>
		<platform>all</platform>
        <assets>
	      <icon>icon.png</icon>
		</assets>		
	</extension>
</addon>
