<?xml version="1.0" encoding="UTF-8" standalone="yes"?>
<addon id="plugin.video.drg"                                                                                                                                    
	   name="DRG"                                                 
	   version="1.0.2"                                                                                                                                        
	   provider-name="Grice Advice">
  <requires>
	
  </requires>
  <extension point="xbmc.python.pluginsource"
            library="default.py">
        <provides>video</provides>
  </extension>
  <extension point="xbmc.addon.metadata">
    <summary lang="en">DRG Add-on</summary>
    <description lang="en">All the media as fast as possible</description>
	
    <platform>all</platform>
    <assets>
            <icon>icon.gif</icon>
            <fanart>fanart.jpg</fanart>
    </assets>
  </extension>
</addon>
