<?xml version="1.0" encoding="UTF-8" standalone="yes"?>
<addon id="script.module.dg" name="[COLOR white]DG Module[/COLOR]" version="1.0.3" provider-name="DG">
    <requires>
        <import addon="xbmc.python" version="2.1.0" />
        <import addon="script.module.beautifulsoup4"/>
    </requires>
    <extension point="xbmc.python.module" library="lib" />
    <extension point="xbmc.addon.metadata">
        <platform>all</platform>
        <summary lang="en">DG Module</summary>
        <assets>
          <icon>icon.png</icon>
        </assets>
    </extension>
</addon>